,NO2 AQI,O3 AQI,SO2 AQI,CO AQI
NO2 AQI,1.0,0.04184373257733747,0.2827321937631191,0.6189791134045236
O3 AQI,0.04184373257733747,1.0,0.052190729262201835,-0.13656154349103566
SO2 AQI,0.2827321937631191,0.052190729262201835,1.0,0.1583909564728517
CO AQI,0.6189791134045236,-0.13656154349103566,0.1583909564728517,1.0
